title,authors,isbn,year,pdf_path
Közöny,Albert Camus,9789635183852,2023,NEFELEJTSD EL A PDF ABSOLUTE PATH_T IDEMÁSOLNI
A tanú,Bacsó Péter,9789630503002,2012,NEFELEJTSD EL A PDF ABSOLUTE PATH_T IDEMÁSOLNI
A halál kémiája,Simon Beckett,9789639644076,2006,NEFELEJTSD EL A PDF ABSOLUTE PATH_T IDEMÁSOLNI
Az emberiség ellenségei,Mika Waltari,9630704307,1975,NEFELEJTSD EL A PDF ABSOLUTE PATH_T IDEMÁSOLNI
Északi fény,Philip Phulmann,2399962034795,1997,NEFELEJTSD EL A PDF ABSOLUTE PATH_T IDEMÁSOLNI
A balek,Hugh Laurie,9789639667358,2011,NEFELEJTSD EL A PDF ABSOLUTE PATH_T IDEMÁSOLNI
Garp szerint a világ,John Irving,9789632672656,2016,NEFELEJTSD EL A PDF ABSOLUTE PATH_T IDEMÁSOLNI
Véres aratás,Dashiell Hammett,2399959958943,1992,NEFELEJTSD EL A PDF ABSOLUTE PATH_T IDEMÁSOLNI
Két város regénye,Charles Dickens,9182638376656,1999,NEFELEJTSD EL A PDF ABSOLUTE PATH_T IDEMÁSOLNI
A vékony vörös vonal,James Jones,2399968410319,2003,NEFELEJTSD EL A PDF ABSOLUTE PATH_T IDEMÁSOLNI