title,authors,isbn,year
Sapiente sequi molestiae,Dr. Szalai Piroska,5773806468786,1964
Ratione expedita,Fekete D. Zoltán,7803180756428,1976
Adipisci,Horváthné Varga Ilona,4059760113278,1969
Natus eligendi,Virág Mária,9727248513258,1981
Corporis consequatur aut,Pintér A. István,5955683472650,1954
Provident perspiciatis,Szőke Ilona,4287935642031,1980
Eos quibusdam fugiat,Barnané Dr. Fábián Erzsébet,4554600148264,1964
A debitis velit possimus,Lukács Mária Magdolna,7003762025118,1989
Quas culpa animi,Kiss Juhász Pál,6017145688948,1952
Harum consequuntur temporibus sint,Vargané Tóth Nóra,2207760542026,1998
Dolorem reprehenderit,Novákné Varga Edit Anna,6600636857114,1972
Provident qui,Takács Márk Árpád,9007668204868,1978
Nesciunt perferendis sed,Orosz Tóth Róbert,8941101405548,1968
Non nemo hic,Balázs Tóth István,6583014713394,2022
Tempora accusamus vitae,Dr. Vincze Hajnalka,4362497151631,1999
A ipsam voluptate,Dr. Törökné Nagy Éva,5900495082770,1988
Perspiciatis quis distinctio,E. Katona Judit,4970718986263,1979
Odit non blanditiis,Dr. Nagy Margit,9405216922232,1972
A illo cupiditate,Kovács Erika,4316865992850,1952
Inventore soluta magnam,Varga D. Dávid,6158888255590,1954
Possimus necessitatibus,Máté Simon Edina,5267622107105,1966
Voluptates doloremque,Szilágyi János Attila,1946030988585,1956
Enim mollitia,Vargané Farkas Edit,3033804111898,1964
Consectetur,Dr. Lakatos Attilané Kovács Ibolya,4949235868016,2012
Odit voluptate sint,Szabó Balázs Zsolt,6079411013637,1993
Rerum fuga,G. Bodnár Mária,9191296127519,2007
Voluptas cupiditate saepe,Prof. Dr. Péter K. Ilona,9996415373894,2004
Dignissimos earum,A. Török István,7624133166168,1991
Delectus quo eius,Szabó Károlyné Lakatos Jolán,8225944134201,2004
Atque eum,Dr. Nagy C. Ágnes,6816922011346,1996
Quo,Dr. Horváth Szabó Ádám,4528316238793,1989
Officia porro voluptate,Dr. Tóth Péter,8890502936169,2015
Molestias ut iste molestias,Varga Zsoltné Szabó Júlia,5469035056056,1961
Asperiores amet deleniti accusamus,Dr. Tóth Illés Bettina,2911316095179,2018
Velit quasi enim,Papp Faragó Ferenc,6336338635846,1984
Veniam blanditiis praesentium,Dr. Juhászné Gál Mária Noémi,8896385074382,1987
Repellendus architecto ab,Gál Tóth Anita,7316657329377,2009
Cum blanditiis,Boros Gulyás József,3590118300569,1976
Animi ducimus in,Dr. Fábiánné Szücs Krisztina Réka,1973049446578,1994
Magni perferendis,Dr. Horváth Kovács Borbála,7039559637990,1959
Temporibus a,Dr. Szabó Jánosné,9631822087707,2007
Ad quo,Szabó Erika,8518058770195,1977
Distinctio illo,Tóthné Dr. Papp Orsolya,3222763726524,2022
Magnam,Szabó K. Margit,7582361090015,1967
Sunt vero soluta,Nagy M. Péter,7819209978813,2007
Tenetur,Dr. Jakabné Lakatos Anita,3859582706293,1970
Sunt dolores magnam perspiciatis,Nagyné Nagy Kitti Nikoletta,5866917026692,1980
Atque soluta,Dr. Juhászné Szalai Mária,5585191844861,1989
Aspernatur dignissimos voluptatum,Kovács Ferencné Nagy Anikó,2237995449239,1994
Repudiandae impedit quos,Lakatos P. Dávid,3455423029312,1951
Minima tenetur,Fodor Balázs,6582923220703,1984
Sint excepturi error,Dr. Szőke Ferencné,1429747297395,1967
Rerum asperiores temporibus,Gáspár Kiss Zsuzsanna,9828895326343,2008
Sint modi unde,Nagy Mária Katalin,4374442739827,2006
Reprehenderit porro,Dr. K. Lakatos Edina,5290740950619,1986
Earum quas,Dr. Molnár A. Orsolya,1708589076849,2024
Iste ad dolor saepe,Hegedűs Gál Gabriella,5857733895754,2020
Placeat illum,Molnár Dávid,5392078760212,1957
Incidunt culpa,Dr. Németh Tamásné Kovács Lilla,8246237437729,1968
Illo adipisci asperiores,Farkas Viktor György,7142266481051,1967
Laudantium optio corrupti officiis,Dr. Molnár Attilané Kovács Mónika,8160071884196,1994
A,Balogh M. Mária,9195598617771,1970
Pariatur,Somogyi Ágnes,9833976115738,2004
Expedita eaque perspiciatis,Dr. Kiss Dávid Mátyás,6717289827782,2015
Ipsum deleniti maiores aliquid,Dr. Kovács József,8022465693934,2005
Laudantium quos culpa,A. Bodnár Alexandra,2733436366819,2012
Possimus sapiente tempora,Dr. Fehér Erzsébet,7665093142124,1974
Porro quasi eaque,Papp Szilárd,7434384370650,1956
Doloremque repellat reprehenderit,Tóth Anna,8252900858170,1998
Ducimus totam labore,Varga Richárdné,4743852919268,1982
Quia consectetur,Kovácsné Szalai Fanni,5285856000113,1961
Delectus ut aspernatur,Vargané Nagy Márta Mária,3872374893777,2002
Vero necessitatibus,Nagy Szilvia Rita,7334919244581,2013
Fugit quaerat voluptatum,Dr. Varga Z. Marianna,4522885363532,2016
Ut quidem suscipit,Jónás Károly,8326504311631,1993
Aliquam unde,Dudás Jánosné Sándor Éva,4509165109397,2009
Minus a,K. Varga Dávid,1101646240083,2018
Ducimus sequi dolore,E. Nagy Magdolna,9954344451704,2017
Quod occaecati aperiam,Dr. Oroszné Horváth Dorottya,9982578362505,1984
Perferendis ullam,Dr. Molnár Gáborné Horváth Erzsébet,4726378514469,2017
Atque adipisci dicta,Nagyné Dr. Németh Veronika,5985507714567,1972
Vel itaque placeat,Tóth Zsuzsanna,2291057496719,1998
Deserunt,Prof. Dr. Virág Norbert Dániel,9641577196445,1973
Est similique,Dr. L. Király László,6480682112307,2010
Fuga voluptatem,Balogh Nagy Rita,2676270748607,1996
Aspernatur exercitationem voluptate,Sárközi Piroska Irma,8057337095069,2015
Corporis rem iusto,Rácz Mária,5403413336857,2017
Soluta sit numquam,Szabó Kiss Róbert,7965452502610,1965
Voluptas et,Dr. Mészáros Istvánné,6796806389390,1975
Voluptatum dignissimos deserunt,Simon Tamásné Kiss Valéria,5109431761263,1967
